{"cameraMode":{"drawMode":0,"name":"Shaded","section":"Shading Mode"},"sceneLighting":false,"audioPlay":false,"sceneViewState":{"showFog":true,"showMaterialUpdate":false,"showSkybox":true,"showFlares":true,"showImageEffects":true,"showParticleSystems":true},"in2DMode":false,"pivot":{"x":0.0,"y":0.281319797039032,"z":0.02884574979543686},"rotation":{"x":0.04638459533452988,"y":0.9076171517372131,"z":-0.10420302301645279,"w":0.4040122926235199},"size":0.3632153272628784,"orthographic":false}